<?xml version="1.0" encoding="UTF-8"?>
<project-private xmlns="http://www.netbeans.org/ns/project-private/1">
    <open-files xmlns="http://www.netbeans.org/ns/projectui-open-files/2">
        <group>
            <file>file:/C:/Users/Mrida/Documents/NetBeansProjects/Blockchain-Assisted%20Verifiable/web/decrypt1.jsp</file>
            <file>file:/C:/Users/Mrida/Documents/NetBeansProjects/Blockchain-Assisted%20Verifiable/web/images/ship_000000.png</file>
            <file>file:/C:/Users/Mrida/Documents/NetBeansProjects/Blockchain-Assisted%20Verifiable/web/owneract_2.jsp</file>
            <file>file:/C:/Users/Mrida/Documents/NetBeansProjects/Blockchain-Assisted%20Verifiable/src/java/keywordsearch/Blockchain.java</file>
            <file>file:/C:/Users/Mrida/Documents/NetBeansProjects/Blockchain-Assisted%20Verifiable/web/images/st.jpg</file>
            <file>file:/C:/Users/Mrida/Documents/NetBeansProjects/Blockchain-Assisted%20Verifiable/src/java/keywordsearch/BlockchainDemo.java</file>
            <file>file:/C:/Users/Mrida/Documents/NetBeansProjects/Blockchain-Assisted%20Verifiable/src/java/novelefficient/Upload.java</file>
            <file>file:/C:/Users/Mrida/Documents/NetBeansProjects/Blockchain-Assisted%20Verifiable/web/images/encryptedFile.jpg</file>
            <file>file:/C:/Users/Mrida/Documents/NetBeansProjects/Blockchain-Assisted%20Verifiable/web/decrypt.jsp</file>
            <file>file:/C:/Users/Mrida/Documents/NetBeansProjects/Blockchain-Assisted%20Verifiable/web/encrypt.jsp</file>
            <file>file:/C:/Users/Mrida/Documents/NetBeansProjects/Blockchain-Assisted%20Verifiable/web/images/decryptedFile.jpg</file>
            <file>file:/C:/Users/Mrida/Documents/NetBeansProjects/Blockchain-Assisted%20Verifiable/web/encrypt1.jsp</file>
        </group>
    </open-files>
</project-private>
